<?xml version="1.0" encoding="UTF-8"?>
<project-private xmlns="http://www.netbeans.org/ns/project-private/1">
    <editor-bookmarks xmlns="http://www.netbeans.org/ns/editor-bookmarks/2" lastBookmarkId="0"/>
    <open-files xmlns="http://www.netbeans.org/ns/projectui-open-files/2">
        <group>
            <file>file:/D:/Uni/Programmierung%20II/UBG_7/TerminkalenderFX/src/adressbuch/AdressbuchViewController.java</file>
            <file>file:/D:/Uni/Programmierung%20II/UBG_7/TerminkalenderFX/src/adressbuch/Kontakt.java</file>
            <file>file:/D:/Uni/Programmierung%20II/UBG_7/TerminkalenderFX/src/terminplaner/PlanerViewController.java</file>
            <file>file:/D:/Uni/Programmierung%20II/UBG_7/TerminkalenderFX/src/adressbuch/Adressbuch.java</file>
            <file>file:/D:/Uni/Programmierung%20II/UBG_7/TerminkalenderFX/src/terminplaner/planerView.fxml</file>
            <file>file:/D:/Uni/Programmierung%20II/UBG_7/TerminkalenderFX/nbproject/build-impl.xml</file>
            <file>file:/D:/Uni/Programmierung%20II/UBG_7/TerminkalenderFX/src/terminplaner/TerminViewController.java</file>
            <file>file:/D:/Uni/Programmierung%20II/UBG_7/TerminkalenderFX/src/adressbuch/AdressbuchStart.java</file>
            <file>file:/D:/Uni/Programmierung%20II/UBG_7/TerminkalenderFX/src/adressbuch/ViewHelper.java</file>
            <file>file:/D:/Uni/Programmierung%20II/UBG_7/TerminkalenderFX/src/adressbuch/AdressbuchDemo.java</file>
            <file>file:/D:/Uni/Programmierung%20II/UBG_7/TerminkalenderFX/src/terminplaner/StartPlaner.java</file>
            <file>file:/D:/Uni/Programmierung%20II/UBG_7/TerminkalenderFX/src/terminplaner/TerminUeberschneidungException.java</file>
            <file>file:/D:/Uni/Programmierung%20II/UBG_7/TerminkalenderFX/src/terminplaner/terminView.fxml</file>
            <file>file:/D:/Uni/Programmierung%20II/UBG_7/TerminkalenderFX/src/adressbuch/Befehlswoerter.java</file>
            <file>file:/D:/Uni/Programmierung%20II/UBG_7/TerminkalenderFX/src/terminplaner/Termin.java</file>
            <file>file:/D:/Uni/Programmierung%20II/UBG_7/TerminkalenderFX/src/adressbuch/DoppelterSchluesselException.java</file>
            <file>file:/D:/Uni/Programmierung%20II/UBG_7/TerminkalenderFX/src/terminplaner/UngueltigerTerminException.java</file>
            <file>file:/D:/Uni/Programmierung%20II/UBG_7/TerminkalenderFX/src/terminplaner/TerminVerwaltung.java</file>
            <file>file:/D:/Uni/Programmierung%20II/UBG_7/TerminkalenderFX/src/terminplaner/Terminplaner.java</file>
        </group>
    </open-files>
</project-private>
